ID_fishingoperation;year;quarter;month;day;vessel_CFR;vessel_name;power_hp;length_m;TRB;port_base;port_landing;ICES_rec;metier;trip_id;haul;mesh_size;speed;target_species;moon;starting_time;tacking_time;time_trawling_h;starting_lat;tacking_lat;starting_lon;tacking_lon;starting_depth;tacking_depth;ICES_div;depth_average;species;weight_catch;weight_retained;weight_discarded;number_reatined;number_discarded
DESSUR24016_1;2024;1;2;19;ESP000014126;HIMAJO PRIMERO;720.00;32.00;189.00;A Coruña;A Coruña;'17E1;OTB_DEF_>=55_0_0;DESSUR24016;1;55;3.0;MIXED WHITE;3;4:10;9:13;5.05;43.90;44.07;-8.53;-8.32;311;314;27.8.c;313;Lophius piscatorius;8.501;8.501;0;9.000;0
DESSUR24016_2;2024;1;2;19;ESP000014126;HIMAJO PRIMERO;720.00;32.00;189.00;A Coruña;A Coruña;'17E1;OTB_DEF_>=55_0_0;DESSUR24016;2;55;3.3;MIXED WHITE;3;10:30;14:00;3.50;44.10;44.07;-8.37;-8.65;342;386;27.8.c;364;Lophius piscatorius;0;0;0;0;0
DESSUR24016_3;2024;1;2;19;ESP000014126;HIMAJO PRIMERO;720.00;32.00;189.00;A Coruña;A Coruña;'17E1;OTB_DEF_>=55_0_0;DESSUR24016;3;55;3.0;MIXED WHITE;3;15:20;19:27;4.12;44.07;44.08;-8.68;-8.35;360;323;27.8.c;342;Lophius piscatorius;0;0;0;0;0
DESSUR24017_2;2024;1;2;20;ESP000014126;HIMAJO PRIMERO;720.00;32.00;189.00;A Coruña;A Coruña;'17E1;OTB_DEF_>=55_0_0;DESSUR24017;2;55;3.3;MIXED WHITE;3;10:40;14:32;3.87;44.10;44.07;-8.35;-8.67;377;389;27.8.c;383;Lophius piscatorius;42.700;42.700;0;2.000;0
DESSUR24017_3;2024;1;2;20;ESP000014126;HIMAJO PRIMERO;720.00;32.00;189.00;A Coruña;A Coruña;'17E1;OTB_DEF_>=55_0_0;DESSUR24017;3;55;3.0;MIXED WHITE;3;15:45;19:45;4.00;44.07;44.08;-8.67;-8.37;220;179;27.8.c;200;Lophius piscatorius;0;0;0;0;0
DESSUR24051_2;2024;2;6;17;ESP000014126;HIMAJO PRIMERO;720.00;32.00;189.00;A Coruña;A Coruña;'16E1;OTB_DEF_>=55_0_0;DESSUR24051;2;55;3.1;MIXED WHITE;3;8:50;13:30;4.67;43.98;43.77;-8.43;-8.60;272;250;27.8.c;261;Lophius piscatorius;6.334;6.334;0;3.000;0
DESSUR24051_3;2024;2;6;17;ESP000014126;HIMAJO PRIMERO;720.00;32.00;189.00;A Coruña;A Coruña;'16E1;OTB_DEF_>=55_0_0;DESSUR24051;3;55;3.3;MIXED WHITE;3;14:35;18:50;4.25;43.78;43.93;-8.58;-8.34;216;216;27.8.c;216;Lophius piscatorius;30.000;30.000;0;11.000;0
DESSUR24051_4;2024;2;6;17;ESP000014126;HIMAJO PRIMERO;720.00;32.00;189.00;A Coruña;A Coruña;'16E1;OTB_DEF_>=55_0_0;DESSUR24051;4;55;3.1;MIXED WHITE;3;19:55;23:55;4.00;43.90;43.72;-8.32;-8.47;197;175;27.8.c;186;Lophius piscatorius;8.000;8.000;0;4.000;0
DESSUR24052_1;2024;2;6;18;ESP000014126;HIMAJO PRIMERO;720.00;32.00;189.00;A Coruña;A Coruña;'16E1;OTB_DEF_>=55_0_0;DESSUR24052;1;55;3.3;MIXED WHITE;3;7:40;12:00;4.33;43.93;43.75;-8.39;-8.60;232;232;27.8.c;232;Lophius piscatorius;8.000;8.000;0;4.000;0
DESSUR24052_2;2024;2;6;18;ESP000014126;HIMAJO PRIMERO;720.00;32.00;189.00;A Coruña;A Coruña;'16E1;OTB_DEF_>=55_0_0;DESSUR24052;2;55;3.2;MIXED WHITE;3;13:00;17:30;4.50;43.74;43.91;-8.63;-8.39;219;219;27.8.c;219;Lophius piscatorius;8.000;8.000;0;5.000;0
DESSUR24052_3;2024;2;6;18;ESP000014126;HIMAJO PRIMERO;720.00;32.00;189.00;A Coruña;A Coruña;'16E1;OTB_DEF_>=55_0_0;DESSUR24052;3;55;3.2;MIXED WHITE;3;18:20;23:00;4.67;43.88;43.72;-8.39;-8.64;199;194;27.8.c;197;Lophius piscatorius;12.000;12.000;0;10.000;0
DESSUR24075_1;2024;3;8;26;ESP000014126;HIMAJO PRIMERO;720.00;32.00;189.00;A Coruña;A Coruña;'16E1;OTB_DEF_>=55_0_0;DESSUR24075;1;55;3.2;BLUEWITHING;4;1:50;5:50;4.00;43.80;44.00;-8.55;-8.40;260;285;27.8.c;273;Lophius piscatorius;1.000;1.000;0;0;0
DESSUR24075_2;2024;3;8;26;ESP000014126;HIMAJO PRIMERO;720.00;32.00;189.00;A Coruña;A Coruña;'17E1;OTB_DEF_>=55_0_0;DESSUR24075;2;55;3.1;BLUEWITHING;4;6:55;11:05;4.17;43.98;44.05;-8.35;-8.05;270;252;27.8.c;261;Lophius piscatorius;0;0;0;0;0
DESSUR24075_3;2024;3;8;26;ESP000014126;HIMAJO PRIMERO;720.00;32.00;189.00;A Coruña;A Coruña;'17E1;OTB_DEF_>=55_0_0;DESSUR24075;3;55;3.2;BLUEWITHING;4;12:00;15:00;3.00;43.95;44.02;-8.62;-8.25;280;285;27.8.c;283;Lophius piscatorius;0;0;0;0;0
DESSUR24076_1;2024;3;8;27;ESP000014126;HIMAJO PRIMERO;720.00;32.00;189.00;A Coruña;A Coruña;'17E1;OTB_DEF_>=55_0_0;DESSUR24076;1;55;3.2;BLUEWITHING;4;4:00;8:00;4.00;44.00;44.05;-8.23;-8.03;263;263;27.8.c;263;Lophius piscatorius;0;0;0;0;0
DESSUR24076_2;2024;3;8;27;ESP000014126;HIMAJO PRIMERO;720.00;32.00;189.00;A Coruña;A Coruña;'17E1;OTB_DEF_>=55_0_0;DESSUR24076;2;55;3.2;BLUEWITHING;4;9:05;12:30;3.42;44.12;44.05;-8.07;-8.32;293;305;27.8.c;299;Lophius piscatorius;17.000;17.000;0;4.000;0
DESSUR24110_1;2024;4;12;2;ESP000014126;HIMAJO PRIMERO;720.00;32.00;189.00;A Coruña;A Coruña;'16E1;OTB_DEF_>=55_0_0;DESSUR24110;1;;3.2;MIXED WHITE;3;2:15;7:20;5.08;43.70;43.70;-8.63;-8.60;200;190;27.8.c;195;Lophius piscatorius;16.801;16.801;0;18.000;0
DESSUR24110_3;2024;4;12;2;ESP000014126;HIMAJO PRIMERO;720.00;32.00;189.00;A Coruña;A Coruña;'16E1;OTB_DEF_>=55_0_0;DESSUR24110;3;;3.1;FLYING SQUIDS;3;13:20;16:45;3.42;43.50;43.58;-9.17;-8.97;355;357;27.8.c;356;Lophius piscatorius;0;0;0;0;0
DESSUR24111_1;2024;4;12;3;ESP000014126;HIMAJO PRIMERO;720.00;32.00;189.00;A Coruña;A Coruña;'16E1;OTB_DEF_>=55_0_0;DESSUR24111;1;;3.2;MIXED WHITE;3;2:00;3:10;1.17;43.68;43.67;-8.72;-8.75;261;276;27.8.c;269;Lophius piscatorius;10.752;10.752;0;12.000;0
DESSUR24111_3;2024;4;12;3;ESP000014126;HIMAJO PRIMERO;720.00;32.00;189.00;A Coruña;A Coruña;'16E1;OTB_DEF_>=55_0_0;DESSUR24111;3;;3.0;MIXED WHITE;3;10:30;14:10;3.67;43.53;43.63;-9.13;-8.93;345;328;27.8.c;337;Lophius piscatorius;14.292;14.292;0;7.000;0
DESSUR24111_5;2024;4;12;3;ESP000014126;HIMAJO PRIMERO;720.00;32.00;189.00;A Coruña;A Coruña;'16E1;OTB_DEF_>=55_0_0;DESSUR24111;5;;3.1;MIXED WHITE;3;20:40;1:46;5.00;43.77;43.98;-8.62;-8.40;270;284;27.8.c;277;Lophius piscatorius;0;0;0;0;0
DESSUR24111_6;2024;4;12;4;ESP000014126;HIMAJO PRIMERO;720.00;32.00;189.00;A Coruña;A Coruña;'16E1;OTB_DEF_>=55_0_0;DESSUR24111;6;;3.0;MIXED WHITE;3;2:20;7:25;5.08;43.98;43.77;-8.42;-8.62;266;275;27.8.c;271;Lophius piscatorius;34.881;34.881;0;9.000;0
DESSUR24111_7;2024;4;12;4;ESP000014126;HIMAJO PRIMERO;720.00;32.00;189.00;A Coruña;A Coruña;'16E1;OTB_DEF_>=55_0_0;DESSUR24111;7;;3.0;MIXED WHITE;3;8:20;11:20;3.00;43.80;43.92;-8.62;-8.48;273;296;27.8.c;285;Lophius piscatorius;0;0;0;0;0
DESSUR24018_2;2024;1;2;19;ESP000022590;COSTA DA BARCA;480.00;27.50;137.67;Muxia;A Coruña;'15E0;OTB_DEF_>=55_0_0;DESSUR24018;2;70;3.0;MIXED WHITE;3;8:20;12:30;4.17;43.38;43.25;-9.20;-9.44;188;190;27.8.c;189;Lophius piscatorius;5.916;5.916;0;1.000;0
DESSUR24018_3;2024;1;2;19;ESP000022590;COSTA DA BARCA;480.00;27.50;137.67;Muxia;A Coruña;'15E0;OTB_DEF_>=55_0_0;DESSUR24018;3;70;3.0;MIXED WHITE;3;13:25;18:00;4.58;43.27;43.42;-9.43;-9.20;210;241;27.8.c;226;Lophius piscatorius;16.500;16.500;0;4.000;0
DESSUR24018_4;2024;1;2;19;ESP000022590;COSTA DA BARCA;480.00;27.50;137.67;Muxia;A Coruña;'16E1;OTB_DEF_>=55_0_0;DESSUR24018;4;70;3.1;MIXED WHITE;3;19:05;22:35;3.50;43.45;43.61;-9.17;-8.97;260;183;27.8.c;222;Lophius piscatorius;15.166;15.166;0;5.000;0
DESSUR24019_2;2024;1;2;20;ESP000022590;COSTA DA BARCA;480.00;27.50;137.67;Muxia;A Coruña;'16E1;OTB_DEF_>=55_0_0;DESSUR24019;2;70;3.2;MIXED WHITE;3;10:30;14:30;4.00;43.82;43.68;-8.40;-8.58;194;179;27.8.c;187;Lophius piscatorius;17.925;17.925;0;10.000;0
DESSUR24019_3;2024;1;2;20;ESP000022590;COSTA DA BARCA;480.00;27.50;137.67;Muxia;A Coruña;'16E1;OTB_DEF_>=55_0_0;DESSUR24019;3;70;3.0;MIXED WHITE;3;15:20;19:20;4.00;43.65;43.55;-8.63;-8.87;177;174;27.8.c;176;Lophius piscatorius;17.396;17.396;0;5.000;0
DESSUR24019_4;2024;1;2;20;ESP000022590;COSTA DA BARCA;480.00;27.50;137.67;Muxia;A Coruña;'15E0;OTB_DEF_>=55_0_0;DESSUR24019;4;70;3.0;MIXED WHITE;3;20:20;0:30;5.10;43.53;43.43;-8.90;-9.12;177;188;27.8.c;183;Lophius piscatorius;9.377;9.377;0;3.000;0
DESSUR24019_7;2024;1;2;21;ESP000022590;COSTA DA BARCA;480.00;27.50;137.67;Muxia;A Coruña;'15E1;OTB_DEF_>=55_0_0;DESSUR24019;7;70;3.0;MIXED WHITE;3;11:35;15:30;3.92;43.38;43.45;-9.13;-8.88;163;150;27.8.c;157;Lophius piscatorius;11.996;11.996;0;7.000;0
DESSUR24019_8;2024;1;2;21;ESP000022590;COSTA DA BARCA;480.00;27.50;137.67;Muxia;A Coruña;'15E1;OTB_DEF_>=55_0_0;DESSUR24019;8;70;3.1;MIXED WHITE;3;16:30;20:30;4.00;43.42;43.47;-8.83;-8.57;135;128;27.8.c;132;Lophius piscatorius;0;0;0;0;0
DESSUR24060_2;2024;3;7;1;ESP000022590;COSTA DA BARCA;480.00;27.50;137.67;Muxia;A Coruña;'15E0;OTB_DEF_>=55_0_0;DESSUR24060;2;55;3.1;MIXED WHITE;4;7:10;10:30;3.33;43.40;43.33;-8.92;-9.23;143;165;27.8.c;154;Lophius piscatorius;2.752;2.752;0;1.000;0
DESSUR24060_3;2024;3;7;1;ESP000022590;COSTA DA BARCA;480.00;27.50;137.67;Muxia;A Coruña;'15E1;OTB_DEF_>=55_0_0;DESSUR24060;3;55;3.3;MIXED WHITE;4;11:35;15:00;3.42;43.32;43.43;-9.25;-8.97;165;155;27.8.c;160;Lophius piscatorius;0;0;0;0;0
DESSUR24061_2;2024;3;7;2;ESP000022590;COSTA DA BARCA;480.00;27.50;137.67;Muxia;A Coruña;'15E0;OTB_DEF_>=55_0_0;DESSUR24061;2;70;3.0;MIXED WHITE;4;7:15;11:10;3.92;43.08;43.43;-9.42;-9.27;161;161;27.8.c;161;Lophius piscatorius;8.679;8.679;0;1.000;0
DESSUR24061_3;2024;3;7;2;ESP000022590;COSTA DA BARCA;480.00;27.50;137.67;Muxia;A Coruña;'15E0;OTB_DEF_>=55_0_0;DESSUR24061;3;55;3.2;MIXED WHITE;4;12:30;16:30;4.00;43.33;43.50;-9.28;-9.05;179;194;27.8.c;187;Lophius piscatorius;5.132;5.132;0;2.000;0
DESSUR24061_4;2024;3;7;2;ESP000022590;COSTA DA BARCA;480.00;27.50;137.67;Muxia;A Coruña;'16E1;OTB_DEF_>=55_0_0;DESSUR24061;4;55;3.3;MIXED WHITE;4;17:30;21:00;3.50;43.48;43.58;-9.03;-8.78;185;168;27.8.c;177;Lophius piscatorius;0;0;0;0;0
DESSUR24061_6;2024;3;7;3;ESP000022590;COSTA DA BARCA;480.00;27.50;137.67;Muxia;A Coruña;'16E1;OTB_DEF_>=55_0_0;DESSUR24061;6;55;3.3;MIXED WHITE;4;2:30;6:00;3.50;43.70;43.82;-8.52;-8.33;177;181;27.8.c;179;Lophius piscatorius;15.392;15.392;0;4.000;0
DESSUR24061_7;2024;3;7;3;ESP000022590;COSTA DA BARCA;480.00;27.50;137.67;Muxia;A Coruña;'16E1;OTB_DEF_>=55_0_0;DESSUR24061;7;55;3.0;MIXED WHITE;4;7:15;10:15;3.00;43.77;43.67;-8.40;-8.63;181;175;27.8.c;178;Lophius piscatorius;1.657;1.657;0;3.000;0
DESSUR24061_8;2024;3;7;3;ESP000022590;COSTA DA BARCA;480.00;27.50;137.67;Muxia;A Coruña;'15E0;OTB_DEF_>=55_0_0;DESSUR24061;8;55;3.2;MIXED WHITE;4;11:30;16:30;5.00;43.58;43.45;-8.78;-9.07;179;176;27.8.c;178;Lophius piscatorius;10.964;10.964;0;3.000;0
DESSUR24061_9;2024;3;7;3;ESP000022590;COSTA DA BARCA;480.00;27.50;137.67;Muxia;A Coruña;'15E1;OTB_DEF_>=55_0_0;DESSUR24061;9;55;3.1;MIXED WHITE;4;17:30;22:00;4.50;43.45;43.48;-9.03;-8.73;163;144;27.8.c;154;Lophius piscatorius;6.452;6.452;0;3.000;0
DESSUR24084_1;2024;3;9;30;ESP000022590;COSTA DA BARCA;480.00;27.50;137.67;Muxia;A Coruña;'16E1;OTB_DEF_>=55_0_0;DESSUR24084;1;55;3.1;MIXED WHITE;1;2:05;5:07;3.03;43.60;43.67;-8.77;-8.78;409;461;27.8.c;435;Lophius piscatorius;75.000;75.000;0;5.000;0
DESSUR24117_1;2024;4;12;16;ESP000022590;COSTA DA BARCA;480.00;27.50;137.67;Muxia;A Coruña;'17E1;OTB_DEF_>=55_0_0;DESSUR24117;1;;3.2;MIXED WHITE;2;1:30;6:45;5.25;43.85;44.03;-8.27;-8.07;192;245;27.8.c;219;Lophius piscatorius;17.151;17.151;0;6.000;0
DESSUR24117_2;2024;4;12;16;ESP000022590;COSTA DA BARCA;480.00;27.50;137.67;Muxia;A Coruña;'17E2;OTB_DEF_>=55_0_0;DESSUR24117;2;;3.2;MIXED WHITE;2;7:50;11:10;3.33;44.03;44.10;-8.08;-7.85;253;351;27.8.c;302;Lophius piscatorius;20.874;20.874;0;8.000;0
DESSUR24117_3;2024;4;12;16;ESP000022590;COSTA DA BARCA;480.00;27.50;137.67;Muxia;A Coruña;'17E2;OTB_DEF_>=55_0_0;DESSUR24117;3;;3.3;MIXED WHITE;2;12:30;16:20;3.83;44.07;44.05;-7.75;-7.52;220;240;27.8.c;230;Lophius piscatorius;9.000;9.000;0;4.000;0
DESSUR24117_5;2024;4;12;16;ESP000022590;COSTA DA BARCA;480.00;27.50;137.67;Muxia;A Coruña;'17E2;OTB_DEF_>=55_0_0;DESSUR24117;5;;3.0;MIXED WHITE;2;21:40;1:40;4.00;44.07;44.02;-7.53;-7.32;357;183;27.8.c;270;Lophius piscatorius;17.488;17.488;0;5.000;0
DESSUR24117_7;2024;4;12;17;ESP000022590;COSTA DA BARCA;480.00;27.50;137.67;Muxia;A Coruña;'16E2;OTB_DEF_>=55_0_0;DESSUR24117;7;;3.0;MIXED WHITE;2;9:30;12:30;3.00;44.03;43.93;-7.65;-7.48;192;155;27.8.c;174;Lophius piscatorius;17.077;17.077;0;12.000;0
DESSUR24117_9;2024;4;12;17;ESP000022590;COSTA DA BARCA;480.00;27.50;137.67;Muxia;A Coruña;'16E2;OTB_DEF_>=55_0_0;DESSUR24117;9;;3.0;MIXED WHITE;2;19:10;21:30;2.33;43.98;43.95;-7.77;-7.87;146;165;27.8.c;156;Lophius piscatorius;18.361;1.612;16.749;1.000;61.000
DESSUR24024_1;2024;1;3;11;ESP000023450;BURELES;693.80;28.00;149.90;Santa Eugenia de Ribeira;A Coruña;'16E1;OTB_DEF_>=55_0_0;DESSUR24024;1;70;3.3;MIXED WHITE;1;3:00;7:00;4.00;43.60;43.73;-8.68;-8.45;172;172;27.8.c;172;Lophius piscatorius;40.488;40.488;0;12.000;0
DESSUR24024_3;2024;1;3;11;ESP000023450;BURELES;693.80;28.00;149.90;Santa Eugenia de Ribeira;A Coruña;'16E1;OTB_DEF_>=55_0_0;DESSUR24024;3;70;3.3;MIXED WHITE;1;13:00;17:30;4.50;43.87;43.75;-8.23;-8.47;188;185;27.8.c;187;Lophius piscatorius;20.000;20.000;0;21.000;0
DESSUR24024_4;2024;1;3;11;ESP000023450;BURELES;693.80;28.00;149.90;Santa Eugenia de Ribeira;A Coruña;'16E1;OTB_DEF_>=55_0_0;DESSUR24024;4;70;3.1;MIXED WHITE;1;18:15;23:00;4.75;43.75;43.57;-8.47;-8.73;185;168;27.8.c;177;Lophius piscatorius;9.000;9.000;0;0;0
DESSUR24025_1;2024;1;3;12;ESP000023450;BURELES;693.80;28.00;149.90;Santa Eugenia de Ribeira;A Coruña;'16E1;OTB_DEF_>=55_0_0;DESSUR24025;1;70;3.2;MIXED WHITE;1;4:30;8:30;4.00;43.73;43.88;-8.42;-8.22;176;187;27.8.c;181;Lophius piscatorius;9.719;9.719;0;8.000;0
DESSUR24025_2;2024;1;3;12;ESP000023450;BURELES;693.80;28.00;149.90;Santa Eugenia de Ribeira;A Coruña;'16E2;OTB_DEF_>=55_0_0;DESSUR24025;2;70;3.1;MIXED WHITE;1;9:00;13:15;4.25;43.88;43.97;-8.22;-7.93;186;179;27.8.c;183;Lophius piscatorius;36.000;36.000;0;14.000;0
DESSUR24025_3;2024;1;3;12;ESP000023450;BURELES;693.80;28.00;149.90;Santa Eugenia de Ribeira;A Coruña;'16E1;OTB_DEF_>=55_0_0;DESSUR24025;3;70;3.3;MIXED WHITE;1;14:15;18:30;4.25;43.97;43.93;-7.95;-8.30;185;219;27.8.c;202;Lophius piscatorius;15.300;15.300;0;6.000;0
DESSUR24025_4;2024;1;3;12;ESP000023450;BURELES;693.80;28.00;149.90;Santa Eugenia de Ribeira;A Coruña;'16E1;OTB_DEF_>=55_0_0;DESSUR24025;4;70;3.3;MIXED WHITE;1;19:30;23:30;4.00;43.93;43.75;-8.30;-8.45;212;174;27.8.c;193;Lophius piscatorius;14.487;14.487;0;8.000;0
DESSUR24065_1;2024;3;7;15;ESP000023450;BURELES;693.80;28.00;149.90;Santa Eugenia de Ribeira;A Coruña;'17E1;OTB_DEF_>=55_0_0;DESSUR24065;1;55;3.0;MIXED WHITE;3;2:35;6:00;3.42;43.93;44.10;-8.63;-8.70;430;403;27.8.c;417;Lophius piscatorius;22.500;22.500;0;6.000;0
DESSUR24065_2;2024;3;7;15;ESP000023450;BURELES;693.80;28.00;149.90;Santa Eugenia de Ribeira;A Coruña;'17E1;OTB_DEF_>=55_0_0;DESSUR24065;2;55;3.0;MIXED WHITE;3;7:00;11:20;4.33;44.08;44.10;-8.65;-8.30;366;322;27.8.c;344;Lophius piscatorius;18.400;18.400;0;0;0
DESSUR24066_1;2024;3;7;16;ESP000023450;BURELES;693.80;28.00;149.90;Santa Eugenia de Ribeira;A Coruña;'16E1;OTB_DEF_>=55_0_0;DESSUR24066;1;55;3.0;MIXED WHITE;3;5:45;10:00;4.25;43.83;44.00;-8.52;-8.33;262;271;27.8.c;267;Lophius piscatorius;14.000;14.000;0;10.000;0
DESSUR24088_1;2024;4;10;14;ESP000023450;BURELES;693.80;28.00;149.90;Santa Eugenia de Ribeira;A Coruña;'16E1;OTB_DEF_>=55_0_0;DESSUR24088;1;55;3.0;MIXED WHITE;3;1:20;5:25;4.08;43.73;43.60;-8.72;-8.95;344;366;27.8.c;355;Lophius piscatorius;12.500;12.500;0;4.000;0
DESSUR24112_1;2024;4;12;2;ESP000023639;O CANTIÑO;600.00;31.50;147.00;Burela;Cariño;'17E1;OTB_DEF_>=55_0_0;DESSUR24112;1;70;3.0;MIXED WHITE;3;4:30;10:30;6.00;43.92;44.12;-7.70;-8.02;145;135;27.8.c;140;Lophius piscatorius;10.423;10.423;0;7.000;0
DESSUR24112_2;2024;4;12;2;ESP000023639;O CANTIÑO;600.00;31.50;147.00;Burela;Cariño;'16E2;OTB_DEF_>=55_0_0;DESSUR24112;2;70;3.3;MIXED WHITE;NA;11:00;15:00;4.00;44.12;43.95;-8.02;-7.63;135;147;27.8.c;141;Lophius piscatorius;7.140;7.140;0;7.000;0
DESSUR24112_3;2024;4;12;2;ESP000023639;O CANTIÑO;600.00;31.50;147.00;Burela;Cariño;'16E1;OTB_DEF_>=55_0_0;DESSUR24112;3;70;3.9;MIXED WHITE;3;15:30;19:00;3.50;43.90;43.90;-7.70;-8.03;149;187;27.8.c;168;Lophius piscatorius;0;0;0;0;0
DESSUR24113_1;2024;4;12;3;ESP000023639;O CANTIÑO;600.00;31.50;147.00;Burela;Cariño;'16E2;OTB_DEF_>=55_0_0;DESSUR24113;1;70;3.8;MIXED WHITE;3;5:00;9:30;4.50;43.78;43.92;-7.78;-7.30;147;151;27.8.c;149;Lophius piscatorius;5.420;5.420;0;2.000;0
DESSUR24113_2;2024;4;12;3;ESP000023639;O CANTIÑO;600.00;31.50;147.00;Burela;Cariño;'16E2;OTB_DEF_>=55_0_0;DESSUR24113;2;70;3.7;MIXED WHITE;3;10:00;15:00;5.00;43.92;43.88;-7.30;-7.33;151;157;27.8.c;154;Lophius piscatorius;2.219;2.219;0;2.000;0
DESSUR24113_3;2024;4;12;3;ESP000023639;O CANTIÑO;600.00;31.50;147.00;Burela;Cariño;'16E2;OTB_DEF_>=55_0_0;DESSUR24113;3;70;3.6;MIXED WHITE;3;15:30;19:00;3.50;43.88;43.87;-7.33;-7.35;157;153;27.8.c;155;Lophius piscatorius;0;0;0;0;0
DESSUR24113_4;2024;4;12;3;ESP000023639;O CANTIÑO;600.00;31.50;147.00;Burela;Cariño;'16E2;OTB_DEF_>=55_0_0;DESSUR24113;4;70;3.6;MIXED WHITE;3;19:30;23:00;3.50;43.90;43.83;-8.03;-7.68;187;129;27.8.c;158;Lophius piscatorius;3.935;3.935;0;3.000;0
DESSUR24057_2;2024;2;6;24;ESP000023724;RIO XUNCO;400.00;29.00;149.00;Burela;Burela;'16E2;OTB_DEF_>=55_0_0;DESSUR24057;2;70;3.1;MIXED WHITE;1;9:55;13:30;3.58;43.90;43.97;-7.75;-7.50;135;161;27.8.c;148;Lophius piscatorius;1.519;1.519;0;1.000;0
DESSUR24057_3;2024;2;6;24;ESP000023724;RIO XUNCO;400.00;29.00;149.00;Burela;Burela;'16E2;OTB_DEF_>=55_0_0;DESSUR24057;3;70;3.2;MIXED WHITE;2;14:15;18:20;4.08;43.98;44.00;-7.50;-7.27;166;177;27.8.c;172;Lophius piscatorius;16.000;16.000;0;11.000;0
DESSUR24057_4;2024;2;6;24;ESP000023724;RIO XUNCO;400.00;29.00;149.00;Burela;Burela;'16E2;OTB_DEF_>=55_0_0;DESSUR24057;4;70;3.1;MIXED WHITE;2;18:45;23:00;4.25;43.98;43.85;-7.27;-7.12;205;152;27.8.c;179;Lophius piscatorius;11.000;11.000;0;5.000;0
DESSUR24057_6;2024;2;6;25;ESP000023724;RIO XUNCO;400.00;29.00;149.00;Burela;Burela;'16E3;OTB_DEF_>=55_0_0;DESSUR24057;6;70;3.0;MIXED WHITE;2;9:35;12:10;2.58;43.85;43.95;-7.00;-6.85;124;124;27.8.c;124;Lophius piscatorius;9.561;9.561;0;3.000;0
DESSUR24057_7;2024;2;6;25;ESP000023724;RIO XUNCO;400.00;29.00;149.00;Burela;Burela;'16E3;OTB_DEF_>=55_0_0;DESSUR24057;7;70;3.2;MIXED WHITE;2;12:38;15:05;2.45;43.80;43.73;-6.90;-6.93;126;121;27.8.c;124;Lophius piscatorius;16.050;16.050;0;3.000;0
DESSUR24057_8;2024;2;6;25;ESP000023724;RIO XUNCO;400.00;29.00;149.00;Burela;Burela;'16E2;OTB_DEF_>=55_0_0;DESSUR24057;8;70;3.2;MIXED WHITE;2;15:30;19:05;3.58;43.72;43.68;-6.95;-7.18;128;117;27.8.c;123;Lophius piscatorius;10.600;10.600;0;9.000;0
DESSUR24090_1;2024;4;10;14;ESP000023724;RIO XUNCO;400.00;29.00;149.00;Burela;Burela;'16E2;OTB_DEF_>=55_0_0;DESSUR24090;1;70;3.8;MIXED WHITE;3;0:30;4:30;4.00;43.67;43.68;-7.35;-7.35;110;108;27.8.c;109;Lophius piscatorius;0;0;0;0;0
DESSUR24090_2;2024;4;10;14;ESP000023724;RIO XUNCO;400.00;29.00;149.00;Burela;Burela;'16E2;OTB_DEF_>=55_0_0;DESSUR24090;2;70;3.9;MIXED WHITE;3;5:00;8:30;3.50;43.68;43.68;-7.37;-7.38;126;129;27.8.c;128;Lophius piscatorius;0;0;0;0;0
DESSUR24090_3;2024;4;10;14;ESP000023724;RIO XUNCO;400.00;29.00;149.00;Burela;Burela;'16E2;OTB_DEF_>=55_0_0;DESSUR24090;3;70;3.9;MIXED WHITE;3;9:00;12:30;3.50;43.68;43.70;-7.38;-7.40;118;121;27.8.c;120;Lophius piscatorius;0;0;0;0;0
DESSUR24090_4;2024;4;10;14;ESP000023724;RIO XUNCO;400.00;29.00;149.00;Burela;Burela;'16E2;OTB_DEF_>=55_0_0;DESSUR24090;4;70;3.9;MIXED WHITE;3;13:00;16:27;3.45;43.70;43.70;-7.40;-7.42;119;122;27.8.c;121;Lophius piscatorius;3.957;3.957;0;7.000;0
DESSUR24090_5;2024;4;10;14;ESP000023724;RIO XUNCO;400.00;29.00;149.00;Burela;Burela;'16E2;OTB_DEF_>=55_0_0;DESSUR24090;5;70;4.0;MIXED WHITE;3;16:45;19:00;2.25;43.72;43.72;-7.42;-7.40;126;129;27.8.c;128;Lophius piscatorius;692;692;0;3.000;0
DESSUR24090_6;2024;4;10;14;ESP000023724;RIO XUNCO;400.00;29.00;149.00;Burela;Burela;'16E2;OTB_DEF_>=55_0_0;DESSUR24090;6;70;3.9;MIXED WHITE;3;19:30;21:00;1.50;43.70;43.70;-7.38;-7.37;112;113;27.8.c;113;Lophius piscatorius;0;0;0;0;0
DESSUR24090_7;2024;4;10;14;ESP000023724;RIO XUNCO;400.00;29.00;149.00;Burela;Burela;'16E2;OTB_DEF_>=55_0_0;DESSUR24090;7;70;3.8;MIXED WHITE;3;21:45;23:30;1.75;43.70;43.70;-7.37;-7.35;116;121;27.8.c;119;Lophius piscatorius;856;856;0;3.000;0
DESSUR24090_8;2024;4;10;15;ESP000023724;RIO XUNCO;400.00;29.00;149.00;Burela;Burela;'16E2;OTB_DEF_>=55_0_0;DESSUR24090;8;70;4.0;MIXED WHITE;3;0:00;3:00;3.00;43.70;43.67;-7.35;-7.33;119;123;27.8.c;121;Lophius piscatorius;1.688;1.688;0;4.000;0
DESSUR24090_9;2024;4;10;15;ESP000023724;RIO XUNCO;400.00;29.00;149.00;Burela;Burela;'16E2;OTB_DEF_>=55_0_0;DESSUR24090;9;70;3.9;MIXED WHITE;3;3:15;6:30;3.25;43.68;43.70;-7.37;-7.38;123;127;27.8.c;125;Lophius piscatorius;0;0;0;0;0
DESSUR24090_10;2024;4;10;15;ESP000023724;RIO XUNCO;400.00;29.00;149.00;Burela;Burela;'16E2;OTB_DEF_>=55_0_0;DESSUR24090;10;70;3.2;MIXED WHITE;3;6:45;10:15;3.50;43.72;43.72;-7.40;-7.38;127;136;27.8.c;132;Lophius piscatorius;0;0;0;0;0
DESSUR24090_11;2024;4;10;15;ESP000023724;RIO XUNCO;400.00;29.00;149.00;Burela;Burela;'16E2;OTB_DEF_>=55_0_0;DESSUR24090;11;70;3.4;MIXED WHITE;3;11:00;14:50;3.83;43.73;43.72;-7.42;-7.38;130;121;27.8.c;126;Lophius piscatorius;0;0;0;0;0
DESSUR24090_12;2024;4;10;15;ESP000023724;RIO XUNCO;400.00;29.00;149.00;Burela;Burela;'16E2;OTB_DEF_>=55_0_0;DESSUR24090;12;70;3.8;MIXED WHITE;3;15:15;18:45;3.50;43.70;43.68;-7.25;-7.23;104;107;27.8.c;106;Lophius piscatorius;0;0;0;0;0
DESSUR24035_1;2024;2;4;22;ESP000023996;RIA DE MARIN;613.80;27.90;109.17;Marin;Marin;'12E0;OTB_DEF_>=55_0_0;DESSUR24035;1;70;3.1;MIXED WHITE;3;2:45;7:55;5.17;42.13;41.87;-9.15;-9.13;146;119;27.9.a;133;Lophius piscatorius;8.226;8.226;0;13.000;0
DESSUR24035_2;2024;2;4;22;ESP000023996;RIA DE MARIN;613.80;27.90;109.17;Marin;Marin;'13E0;OTB_DEF_>=55_0_0;DESSUR24035;2;70;3.2;MIXED WHITE;3;8:30;12:30;4.00;41.92;42.07;-9.15;-9.22;121;152;27.9.a;137;Lophius piscatorius;30.208;30.208;0;31.000;0
DESSUR24035_3;2024;2;4;22;ESP000023996;RIA DE MARIN;613.80;27.90;109.17;Marin;Marin;'12E0;OTB_DEF_>=55_0_0;DESSUR24035;3;70;3.1;MIXED WHITE;3;13:05;17:00;3.92;42.05;41.87;-9.23;-9.15;154;128;27.9.a;141;Lophius piscatorius;9.747;9.747;0;15.000;0
DESSUR24035_4;2024;2;4;22;ESP000023996;RIA DE MARIN;613.80;27.90;109.17;Marin;Marin;'13E0;OTB_DEF_>=55_0_0;DESSUR24035;4;70;3.0;MIXED WHITE;3;17:30;21:00;3.50;41.90;42.08;-9.15;-9.15;128;141;27.9.a;135;Lophius piscatorius;27.612;27.612;0;41.000;0
DESSUR24036_2;2024;2;4;23;ESP000023996;RIA DE MARIN;613.80;27.90;109.17;Marin;Marin;'13E0;OTB_DEF_>=55_0_0;DESSUR24036;2;70;3.1;MIXED WHITE;2;8:30;13:00;4.50;41.90;42.08;-9.17;-9.17;128;150;27.9.a;139;Lophius piscatorius;9.114;9.114;0;13.000;0
DESSUR24036_3;2024;2;4;23;ESP000023996;RIA DE MARIN;613.80;27.90;109.17;Marin;Marin;'12E0;OTB_DEF_>=55_0_0;DESSUR24036;3;70;3.2;MIXED WHITE;2;13:40;16:30;2.83;42.08;41.88;-9.17;-9.17;150;132;27.9.a;141;Lophius piscatorius;2.287;2.287;0;3.000;0
DESSUR24036_4;2024;2;4;23;ESP000023996;RIA DE MARIN;613.80;27.90;109.17;Marin;Marin;'13E0;OTB_DEF_>=55_0_0;DESSUR24036;4;70;3.2;MIXED WHITE;2;17:30;21:40;4.17;41.90;42.10;-9.18;-9.15;132;128;27.9.a;130;Lophius piscatorius;8.166;8.166;0;12.000;0
DESSUR24067_1;2024;3;7;22;ESP000023996;RIA DE MARIN;613.80;27.90;109.17;Marin;Marin;'13E0;OTB_DEF_>=55_0_0;DESSUR24067;1;70;3.1;MIXED WHITE;2;0:30;5:30;5.00;42.37;42.10;-9.18;-9.12;146;141;27.9.a;144;Lophius piscatorius;32.477;32.477;0;10.000;0
DESSUR24067_2;2024;3;7;22;ESP000023996;RIA DE MARIN;613.80;27.90;109.17;Marin;Marin;'12E0;OTB_DEF_>=55_0_0;DESSUR24067;2;70;3.1;MIXED WHITE;2;5:50;9:30;3.67;42.08;41.90;-9.12;-9.08;139;124;27.9.a;132;Lophius piscatorius;5.317;5.317;0;10.000;0
DESSUR24067_3;2024;3;7;22;ESP000023996;RIA DE MARIN;613.80;27.90;109.17;Marin;Marin;'13E0;OTB_DEF_>=55_0_0;DESSUR24067;3;70;3.1;MIXED WHITE;2;10:00;14:30;4.50;41.88;42.12;-9.08;-9.10;113;138;27.9.a;126;Lophius piscatorius;0;0;0;0;0
DESSUR24068_1;2024;3;7;23;ESP000023996;RIA DE MARIN;613.80;27.90;109.17;Marin;Marin;'13E0;OTB_DEF_>=55_0_0;DESSUR24068;1;70;3.1;MIXED WHITE;2;1:10;5:55;4.75;42.37;42.12;-9.03;-9.10;154;137;27.9.a;146;Lophius piscatorius;0;0;0;0;0
DESSUR24068_2;2024;3;7;23;ESP000023996;RIA DE MARIN;613.80;27.90;109.17;Marin;Marin;'12E0;OTB_DEF_>=55_0_0;DESSUR24068;2;70;3.1;MIXED WHITE;2;6:10;10:30;4.33;42.12;41.88;-9.13;-9.07;139;117;27.9.a;128;Lophius piscatorius;0;0;0;0;0
DESSUR24068_3;2024;3;7;23;ESP000023996;RIA DE MARIN;613.80;27.90;109.17;Marin;Marin;'13E0;OTB_DEF_>=55_0_0;DESSUR24068;3;70;3.1;MIXED WHITE;2;11:00;14:50;3.83;41.90;42.10;-9.10;-9.10;119;137;27.9.a;128;Lophius piscatorius;0;0;0;0;0
DESSUR24095_1;2024;4;10;28;ESP000023996;RIA DE MARIN;613.80;27.90;109.17;Marin;Marin;'13E0;OTB_DEF_>=55_0_0;DESSUR24095;1;55;3.2;MIXED WHITE;4;0:15;5:41;5.43;42.22;42.02;-9.13;-9.35;142;145;27.9.a;144;Lophius piscatorius;16.880;16.880;0;9.000;0
DESSUR24095_2;2024;4;10;28;ESP000023996;RIA DE MARIN;613.80;27.90;109.17;Marin;Marin;'13E0;OTB_DEF_>=55_0_0;DESSUR24095;2;55;3.2;MIXED WHITE;4;6:10;10:49;4.65;42.02;42.25;-9.33;-9.40;203;210;27.9.a;207;Lophius piscatorius;7.049;7.049;0;6.000;0
DESSUR24095_4;2024;4;10;28;ESP000023996;RIA DE MARIN;613.80;27.90;109.17;Marin;Marin;'13E0;OTB_DEF_>=55_0_0;DESSUR24095;4;55;3.3;MIXED WHITE;4;15:25;20:30;5.08;42.03;42.13;-9.33;-9.17;206;150;27.9.a;178;Lophius piscatorius;0;0;0;0;0
DESSUR24096_1;2024;4;10;29;ESP000023996;RIA DE MARIN;613.80;27.90;109.17;Marin;Marin;'13E0;OTB_DEF_>=55_0_0;DESSUR24096;1;55;3.1;MIXED WHITE;4;1:30;5:15;3.75;42.20;42.02;-9.17;-9.32;148;150;27.9.a;149;Lophius piscatorius;0;0;0;0;0
DESSUR24096_2;2024;4;10;29;ESP000023996;RIA DE MARIN;613.80;27.90;109.17;Marin;Marin;'13E0;OTB_DEF_>=55_0_0;DESSUR24096;2;55;3.1;MIXED WHITE;4;5:40;10:22;4.70;42.02;42.25;-9.32;-9.40;184;278;27.9.a;231;Lophius piscatorius;0;0;0;0;0
DESSUR24096_4;2024;4;10;29;ESP000023996;RIA DE MARIN;613.80;27.90;109.17;Marin;Marin;'13E0;OTB_DEF_>=55_0_0;DESSUR24096;4;55;3.1;MIXED WHITE;4;15:40;19:22;3.70;42.02;42.22;-9.35;-9.28;212;206;27.9.a;209;Lophius piscatorius;0;0;0;0;0
DESSUR24077_1;2024;3;9;2;ESP000024090;MENDAÑA;400.00;29.00;149.00;Burela;Santander;'17E7;OTB_DEF_>=55_0_0;DESSUR24077;1;70;2.5;MIXED WHITE;4;7:39;12:41;5.03;43.84;44.03;-2.16;-2.12;378;385;27.8.c;382;Lophius piscatorius;114.700;112.000;2.700;62.000;7.000
DESSUR24077_2;2024;3;9;2;ESP000024090;MENDAÑA;400.00;29.00;149.00;Burela;Santander;'17E7;OTB_DEF_>=55_0_0;DESSUR24077;2;70;2.8;MIXED WHITE;4;13:17;19:08;5.85;44.05;44.18;-2.13;-2.09;500;480;27.8.c;490;Lophius piscatorius;117.341;117.341;0;14.000;0
DESSUR24077_3;2024;3;9;2;ESP000024090;MENDAÑA;400.00;29.00;149.00;Burela;Santander;'17E7;OTB_DEF_>=55_0_0;DESSUR24077;3;70;3.0;MIXED WHITE;4;19:52;1:23;5.48;44.29;44.49;-2.10;-2.11;200;131;27.8.c;166;Lophius piscatorius;11.841;11.841;0;5.000;0
DESSUR24077_4;2024;3;9;3;ESP000024090;MENDAÑA;400.00;29.00;149.00;Burela;Santander;'17E7;OTB_DEF_>=55_0_0;DESSUR24077;4;70;3.3;MIXED WHITE;4;2:01;8:15;6.23;44.51;44.25;-2.11;-2.07;410;565;27.8.c;134;Lophius piscatorius;29.586;29.586;0;15.000;0
DESSUR24077_5;2024;3;9;3;ESP000024090;MENDAÑA;400.00;29.00;149.00;Burela;Santander;'17E7;OTB_DEF_>=55_0_0;DESSUR24077;5;70;3.6;MIXED WHITE;4;8:55;11:45;2.83;44.28;44.27;-2.07;-2.08;565;565;27.8.c;133;Lophius piscatorius;33.908;33.908;0;19.000;0
DESSUR24077_6;2024;3;9;3;ESP000024090;MENDAÑA;400.00;29.00;149.00;Burela;Santander;'17E7;OTB_DEF_>=55_0_0;DESSUR24077;6;70;3.1;MIXED WHITE;4;12:20;18:25;6.08;44.27;44.03;-2.09;-2.12;125;127;27.8.c;126;Lophius piscatorius;12.776;12.776;0;6.000;0
DESSUR24040_1;2024;2;5;13;ESP000024352;MEIRA DA COSTA;1017.00;28.00;121.34;Muros;Muros;'15E0;OTB_DEF_>=55_0_0;DESSUR24040;1;70;3.7;MIXED WHITE;3;1:00;5:22;4.37;42.73;43.02;-9.42;-9.47;148;170;27.8.c;159;Lophius piscatorius;0;0;0;0;0
DESSUR24040_2;2024;2;5;13;ESP000024352;MEIRA DA COSTA;1017.00;28.00;121.34;Muros;Muros;'15E0;OTB_DEF_>=55_0_0;DESSUR24040;2;70;3.5;MIXED WHITE;3;6:25;10:10;3.75;43.02;43.22;-9.50;-9.48;188;215;27.8.c;202;Lophius piscatorius;60.880;56.000;4.880;6.000;24.000
DESSUR24040_3;2024;2;5;13;ESP000024352;MEIRA DA COSTA;1017.00;28.00;121.34;Muros;Muros;'15E0;OTB_DEF_>=55_0_0;DESSUR24040;3;70;3.6;MIXED WHITE;3;11:15;13:20;2.08;43.23;43.05;-9.47;-9.50;195;197;27.8.c;196;Lophius piscatorius;15.000;15.000;0;7.000;0
DESSUR24040_4;2024;2;5;13;ESP000024352;MEIRA DA COSTA;1017.00;28.00;121.34;Muros;Muros;'15E0;OTB_DEF_>=55_0_0;DESSUR24040;4;70;3.5;MIXED WHITE;3;16:25;20:17;3.87;43.02;43.22;-9.50;-9.45;192;186;27.8.c;189;Lophius piscatorius;17.105;17.105;0;4.000;0
DESSUR24040_6;2024;2;5;14;ESP000024352;MEIRA DA COSTA;1017.00;28.00;121.34;Muros;Muros;'14E0;OTB_DEF_>=55_0_0;DESSUR24040;6;70;3.5;MIXED WHITE;3;1:50;5:10;3.33;42.98;42.75;-9.47;-9.45;173;150;27.9.a;162;Lophius piscatorius;2.248;2.248;0;1.000;0
DESSUR24040_7;2024;2;5;14;ESP000024352;MEIRA DA COSTA;1017.00;28.00;121.34;Muros;Muros;'14E0;OTB_DEF_>=55_0_0;DESSUR24040;7;70;3.5;MIXED WHITE;3;6:50;10:00;3.17;42.75;42.57;-9.45;-9.33;151;129;27.9.a;140;Lophius piscatorius;0;0;0;0;0
DESSUR24071_1;2024;3;8;5;ESP000024352;MEIRA DA COSTA;1017.00;28.00;121.34;Muros;Muros;'14E0;OTB_DEF_>=55_0_0;DESSUR24071;1;55;3.1;MIXED WHITE;1;0:15;5:00;4.75;42.72;42.77;-9.37;-9.35;146;156;27.9.a;151;Lophius piscatorius;5.000;5.000;0;0;0
DESSUR24071_2;2024;3;8;5;ESP000024352;MEIRA DA COSTA;1017.00;28.00;121.34;Muros;Muros;'14E0;OTB_DEF_>=55_0_0;DESSUR24071;2;55;3.1;MIXED WHITE;1;6:00;10:15;4.25;42.75;42.77;-9.35;-9.25;134;100;27.9.a;117;Lophius piscatorius;34.000;34.000;0;44.000;0
DESSUR24071_3;2024;3;8;5;ESP000024352;MEIRA DA COSTA;1017.00;28.00;121.34;Muros;Muros;'14E0;OTB_DEF_>=55_0_0;DESSUR24071;3;55;3.1;MIXED WHITE;1;10:50;15:50;5.00;42.75;42.78;-9.27;-9.27;100;104;27.9.a;102;Lophius piscatorius;11.000;11.000;0;0;0
DESSUR24071_4;2024;3;8;5;ESP000024352;MEIRA DA COSTA;1017.00;28.00;121.34;Muros;Muros;'14E0;OTB_DEF_>=55_0_0;DESSUR24071;4;55;3.1;MIXED WHITE;1;16:15;20:30;4.25;42.77;42.78;-9.28;-9.28;100;110;27.9.a;105;Lophius piscatorius;3.600;3.600;0;5.000;0
DESSUR24071_6;2024;3;8;6;ESP000024352;MEIRA DA COSTA;1017.00;28.00;121.34;Muros;Muros;'14E0;OTB_DEF_>=55_0_0;DESSUR24071;6;55;3.1;MIXED WHITE;1;2:15;6:45;4.50;42.53;42.78;-9.32;-9.30;132;119;27.9.a;126;Lophius piscatorius;4.000;4.000;0;0;0
DESSUR24071_7;2024;3;8;6;ESP000024352;MEIRA DA COSTA;1017.00;28.00;121.34;Muros;Muros;'14E0;OTB_DEF_>=55_0_0;DESSUR24071;7;55;3.1;MIXED WHITE;1;9:45;13:18;3.55;42.78;42.70;-9.30;-9.22;123;100;27.9.a;112;Lophius piscatorius;7.300;7.300;0;12.000;0
DESSUR24109_1;2024;4;11;25;ESP000024352;MEIRA DA COSTA;1017.00;28.00;121.34;Muros;Muros;'14E0;OTB_DEF_>=55_0_0;DESSUR24109;1;NA;3.1;MIXED WHITE;4;1:00;6:55;5.92;42.65;42.77;-9.22;-9.32;101;121;27.9.a;111;Lophius piscatorius;25.000;25.000;0;25.000;0
DESSUR24109_3;2024;4;11;25;ESP000024352;MEIRA DA COSTA;1017.00;28.00;121.34;Muros;Muros;'14E0;OTB_DEF_>=55_0_0;DESSUR24109;3;NA;3.1;MIXED WHITE;4;12:10;16:30;4.33;42.60;42.90;-9.30;-9.38;122;145;27.9.a;134;Lophius piscatorius;5.958;5.958;0;9.000;0
DESSUR24109_5;2024;4;11;25;ESP000024352;MEIRA DA COSTA;1017.00;28.00;121.34;Muros;Muros;'14E0;OTB_DEF_>=55_0_0;DESSUR24109;5;NA;3.1;MIXED WHITE;4;21:40;1:00;3.33;42.77;42.55;-9.28;-9.32;116;126;27.9.a;121;Lophius piscatorius;0;0;0;0;0
DESSUR24109_7;2024;4;11;26;ESP000024352;MEIRA DA COSTA;1017.00;28.00;121.34;Muros;Muros;'14E0;OTB_DEF_>=55_0_0;DESSUR24109;7;NA;3.1;MIXED WHITE;4;8:10;13:50;5.67;42.82;42.70;-9.48;-9.20;137;118;27.9.a;128;Lophius piscatorius;15.399;15.399;0;16.000;0
DESSUR24028_2;2024;2;4;1;ESP000024668;ANA ISABEL;1015.60;28.00;149.00;A Coruña;A Coruña;'16E1;OTB_DEF_>=55_0_0;DESSUR24028;2;70;4.0;MIXED WHITE;2;6:43;12:50;6.12;43.63;43.87;-8.33;-8.18;115;181;27.8.c;148;Lophius piscatorius;28.570;28.570;0;15.000;0
DESSUR24028_3;2024;2;4;1;ESP000024668;ANA ISABEL;1015.60;28.00;149.00;A Coruña;A Coruña;'16E1;OTB_DEF_>=55_0_0;DESSUR24028;3;70;3.2;MIXED WHITE;2;13:30;17:25;3.92;43.88;43.78;-8.20;-8.43;183;183;27.8.c;183;Lophius piscatorius;10.051;10.051;0;5.000;0
DESSUR24028_4;2024;2;4;1;ESP000024668;ANA ISABEL;1015.60;28.00;149.00;A Coruña;A Coruña;'16E1;OTB_DEF_>=55_0_0;DESSUR24028;4;70;3.3;MIXED WHITE;2;18:00;22:00;4.00;43.77;43.67;-8.42;-8.63;183;177;27.8.c;180;Lophius piscatorius;16.000;16.000;0;0;0
DESSUR24062_1;2024;3;7;8;ESP000024668;ANA ISABEL;1015.60;28.00;149.00;A Coruña;A Coruña;'16E1;OTB_DEF_>=55_0_0;DESSUR24062;1;70;3.3;MIXED WHITE;1;0:26;5:14;4.80;43.60;43.83;-8.32;-8.22;109;182;27.8.c;146;Lophius piscatorius;6.000;6.000;0;5.000;0
DESSUR24097_3;2024;4;11;4;ESP000024668;ANA ISABEL;1015.60;28.00;149.00;A Coruña;A Coruña;'16E1;OTB_DEF_>=55_0_0;DESSUR24097;3;NA;3.8;MIXED WHITE;3;16:40;20:35;3.92;43.52;43.62;-9.10;-8.88;335;340;27.8.c;338;Lophius piscatorius;12.000;12.000;0;5.000;0
DESSUR24105_1;2024;4;11;18;ESP000025084;ALBA MAR;500.00;31.35;149.83;Muros;A Coruña;'17E1;OTB_DEF_>=55_0_0;DESSUR24105;1;70;4.2;FLYING SQUIDS;2;9:00;12:30;3.50;44.07;44.07;-8.93;-8.70;360;362;27.8.c;361;Lophius piscatorius;0;0;0;0;0
DESSUR24105_2;2024;4;11;18;ESP000025084;ALBA MAR;500.00;31.35;149.83;Muros;A Coruña;'17E1;OTB_DEF_>=55_0_0;DESSUR24105;2;70;3.8;FLYING SQUIDS;2;13:00;17:30;4.50;44.07;44.10;-8.68;-8.38;365;361;27.8.c;363;Lophius piscatorius;0;0;0;0;0
DESSUR24105_3;2024;4;11;18;ESP000025084;ALBA MAR;500.00;31.35;149.83;Muros;A Coruña;'17E1;OTB_DEF_>=55_0_0;DESSUR24105;3;NA;3.8;FLYING SQUIDS;2;17:45;23:00;5.25;44.10;44.12;-8.38;-8.40;363;360;27.8.c;362;Lophius piscatorius;0;0;0;0;0
DESSUR24106_1;2024;4;11;19;ESP000025084;ALBA MAR;500.00;31.35;149.83;Muros;A Coruña;'16E1;OTB_DEF_>=55_0_0;DESSUR24106;1;55;3.5;MIXED WHITE;3;9:00;12:15;3.25;43.67;43.67;-8.65;-8.77;340;346;27.8.c;343;Lophius piscatorius;0;0;0;0;0
DESSUR24106_2;2024;4;11;19;ESP000025084;ALBA MAR;500.00;31.35;149.83;Muros;A Coruña;'16E1;OTB_DEF_>=55_0_0;DESSUR24106;2;70;3.8;FLYING SQUIDS;3;12:45;17:30;4.75;43.67;43.65;-8.77;-8.80;346;355;27.8.c;351;Lophius piscatorius;4.319;4.319;0;4.000;0
DESSUR24106_3;2024;4;11;19;ESP000025084;ALBA MAR;500.00;31.35;149.83;Muros;A Coruña;'16E1;OTB_DEF_>=55_0_0;DESSUR24106;3;70;3.2;MIXED WHITE;3;18:00;23:00;5.00;43.67;43.60;-8.77;-8.95;350;357;27.8.c;354;Lophius piscatorius;13.961;4.139;9.822;1.000;104.000
DESSUR24106_4;2024;4;11;19;ESP000025084;ALBA MAR;500.00;31.35;149.83;Muros;A Coruña;'16E0;OTB_DEF_>=55_0_0;DESSUR24106;4;70;3.9;MIXED WHITE;3;23:30;2:30;3.00;43.67;43.57;-8.77;-9.00;350;360;27.8.c;355;Lophius piscatorius;3.323;3.323;0;1.000;0
DESSUR24106_5;2024;4;11;20;ESP000025084;ALBA MAR;500.00;31.35;149.83;Muros;A Coruña;'16E0;OTB_DEF_>=55_0_0;DESSUR24106;5;70;3.6;FLYING SQUIDS;3;3:00;5:30;2.50;43.57;43.52;-9.00;-9.12;361;366;27.8.c;364;Lophius piscatorius;36.561;36.561;0;18.000;0
DESSUR24106_6;2024;4;11;20;ESP000025084;ALBA MAR;500.00;31.35;149.83;Muros;A Coruña;'16E0;OTB_DEF_>=55_0_0;DESSUR24106;6;70;3.0;MIXED WHITE;3;6:00;9:00;3.00;43.52;43.52;-9.07;-9.10;350;357;27.8.c;354;Lophius piscatorius;3.477;3.477;0;1.000;0
DESSUR24106_7;2024;4;11;20;ESP000025084;ALBA MAR;500.00;31.35;149.83;Muros;A Coruña;'16E0;OTB_DEF_>=55_0_0;DESSUR24106;7;70;3.6;FLYING SQUIDS;3;10:00;14:00;4.00;43.52;43.52;-9.10;-9.03;342;345;27.8.c;344;Lophius piscatorius;31.881;31.881;0;22.000;0
DESSUR24043_1;2024;2;5;27;ESP000025484;VIRGEN DEL FARO;625.00;30.50;152.04;A Coruña;A Coruña;'17E1;OTB_DEF_>=55_0_0;DESSUR24043;1;70;3.3;MIXED WHITE;4;1:35;5:31;3.93;43.85;44.02;-8.20;-8.03;178;217;27.8.c;198;Lophius piscatorius;13.502;12.884;618;3.000;22.000
DESSUR24033_1;2024;2;4;22;ESP000025924;VIRGEN SEGUNDA;630.00;31.30;149.50;A Coruña;A Coruña;'16E1;OTB_DEF_>=55_0_0;DESSUR24033;1;70;3.3;MIXED WHITE;2;1:00;4:00;3.00;43.45;43.55;-8.58;-8.38;128;183;27.8.c;156;Lophius piscatorius;101.000;101.000;0;66.000;0
DESSUR24033_3;2024;2;4;22;ESP000025924;VIRGEN SEGUNDA;630.00;31.30;149.50;A Coruña;A Coruña;'15E1;OTB_DEF_>=55_0_0;DESSUR24033;3;70;3.3;MIXED WHITE;2;9:00;12:20;3.33;43.42;43.43;-8.68;-8.88;104;106;27.8.c;105;Lophius piscatorius;0;0;0;0;0
DESSUR24033_5;2024;2;4;22;ESP000025924;VIRGEN SEGUNDA;630.00;31.30;149.50;A Coruña;A Coruña;'15E0;OTB_DEF_>=55_0_0;DESSUR24033;5;70;3.4;MIXED WHITE;2;17:31;20:55;3.40;43.25;43.25;-9.10;-9.08;100;100;27.8.c;100;Lophius piscatorius;2.284;2.284;0;3.000;0
DESSUR24034_1;2024;2;4;23;ESP000025924;VIRGEN SEGUNDA;630.00;31.30;149.50;A Coruña;A Coruña;'15E1;OTB_DEF_>=55_0_0;DESSUR24034;1;70;3.4;MIXED WHITE;2;1:00;5:00;4.00;43.30;43.47;-9.02;-8.92;109;160;27.8.c;135;Lophius piscatorius;73.167;16.000;57.167;3.000;269.000
DESSUR24034_5;2024;2;4;23;ESP000025924;VIRGEN SEGUNDA;630.00;31.30;149.50;A Coruña;A Coruña;'15E1;OTB_DEF_>=55_0_0;DESSUR24034;5;70;3.4;MIXED WHITE;2;17:10;19:39;2.48;43.32;43.40;-9.13;-8.92;140;147;27.8.c;144;Lophius piscatorius;0;0;0;0;0
DESSUR24069_1;2024;3;7;29;ESP000025924;VIRGEN SEGUNDA;630.00;31.30;149.50;A Coruña;A Coruña;'16E1;OTB_DEF_>=55_0_0;DESSUR24069;1;70;3.1;MIXED WHITE;1;0:30;4:50;4.33;43.65;43.75;-8.32;-8.12;128;115;27.8.c;122;Lophius piscatorius;0;0;0;0;0
DESSUR24069_2;2024;3;7;29;ESP000025924;VIRGEN SEGUNDA;630.00;31.30;149.50;A Coruña;A Coruña;'16E1;OTB_DEF_>=55_0_0;DESSUR24069;2;70;3.0;MIXED WHITE;4;5:40;7:45;2.08;43.80;43.85;-8.20;-8.08;135;119;27.8.c;127;Lophius piscatorius;6.998;6.998;0;6.000;0
DESSUR24069_4;2024;3;7;29;ESP000025924;VIRGEN SEGUNDA;630.00;31.30;149.50;A Coruña;A Coruña;'16E2;OTB_DEF_>=55_0_0;DESSUR24069;4;70;3.1;MIXED WHITE;4;10:55;13:45;2.83;43.88;43.82;-8.02;-7.85;139;135;27.8.c;137;Lophius piscatorius;0;0;0;0;0
DESSUR24069_6;2024;3;7;29;ESP000025924;VIRGEN SEGUNDA;630.00;31.30;149.50;A Coruña;A Coruña;'16E1;OTB_DEF_>=55_0_0;DESSUR24069;6;70;3.1;MIXED WHITE;4;17:00;19:30;2.50;43.72;43.68;-8.13;-8.28;102;145;27.8.c;124;Lophius piscatorius;33.000;33.000;0;6.000;0
DESSUR24070_1;2024;3;7;30;ESP000025924;VIRGEN SEGUNDA;630.00;31.30;149.50;A Coruña;A Coruña;'15E1;OTB_DEF_>=55_0_0;DESSUR24070;1;70;3.1;MIXED WHITE;4;2:23;6:21;3.97;43.52;43.42;-8.43;-8.70;102;119;27.8.c;111;Lophius piscatorius;0;0;0;0;0
DESSUR24070_2;2024;3;7;30;ESP000025924;VIRGEN SEGUNDA;630.00;31.30;149.50;A Coruña;A Coruña;'15E1;OTB_DEF_>=55_0_0;DESSUR24070;2;70;3.1;MIXED WHITE;4;7:00;10:30;3.50;43.42;43.43;-8.68;-8.88;115;150;27.8.c;133;Lophius piscatorius;0;0;0;0;0
DESSUR24070_3;2024;3;7;30;ESP000025924;VIRGEN SEGUNDA;630.00;31.30;149.50;A Coruña;A Coruña;'16E1;OTB_DEF_>=55_0_0;DESSUR24070;3;70;3.1;MIXED WHITE;4;11:00;14:40;3.67;43.45;43.55;-8.90;-8.63;154;150;27.8.c;152;Lophius piscatorius;3.441;3.441;0;4.000;0
DESSUR24116_1;2024;4;12;9;ESP000026018;SAIÑAS;1170.60;30.90;150.00;Cillero;Cillero;'16E2;OTB_DEF_>=55_0_0;DESSUR24116;1;70;3.8;MIXED WHITE;2;15:00;18:00;3.00;43.87;43.87;-7.15;-7.38;161;150;27.8.c;156;Lophius piscatorius;31.032;31.032;0;20.000;0
DESSUR24116_2;2024;4;12;9;ESP000026018;SAIÑAS;1170.60;30.90;150.00;Cillero;Cillero;'16E2;OTB_DEF_>=55_0_0;DESSUR24116;2;55;3.9;MIXED WHITE;;18:30;23:00;4.50;43.87;43.92;-7.38;-7.72;150;153;27.8.c;152;Lophius piscatorius;18.101;18.101;0;13.000;0
DESSUR24116_3;2024;4;12;10;ESP000026018;SAIÑAS;1170.60;30.90;150.00;Cillero;Cillero;'16E2;OTB_DEF_>=55_0_0;DESSUR24116;3;70;3.1;MIXED WHITE;2;0:00;3:30;3.50;43.92;43.92;-7.72;-7.52;153;151;27.8.c;152;Lophius piscatorius;11.730;11.730;0;5.000;0
DESSUR24116_4;2024;4;12;10;ESP000026018;SAIÑAS;1170.60;30.90;150.00;Cillero;Cillero;'16E2;OTB_DEF_>=55_0_0;DESSUR24116;4;55;3.5;MIXED WHITE;2;4:00;7:30;3.50;43.97;43.95;-7.53;-7.30;175;169;27.8.c;172;Lophius piscatorius;23.637;23.637;0;7.000;0
DESSUR24116_5;2024;4;12;10;ESP000026018;SAIÑAS;1170.60;30.90;150.00;Cillero;Cillero;'16E2;OTB_DEF_>=55_0_0;DESSUR24116;5;70;3.7;MIXED WHITE;2;8:30;11:30;3.00;43.95;43.87;-7.30;-7.50;175;160;27.8.c;168;Lophius piscatorius;5.584;5.584;0;2.000;0
DESSUR24116_6;2024;4;12;10;ESP000026018;SAIÑAS;1170.60;30.90;150.00;Cillero;Cillero;'16E2;OTB_DEF_>=55_0_0;DESSUR24116;6;55;3.6;MIXED WHITE;;12:00;15:30;3.50;43.87;43.87;-7.50;-7.73;160;163;27.8.c;162;Lophius piscatorius;49.090;44.599;4.491;19.000;8.000
DESSUR24116_7;2024;4;12;10;ESP000026018;SAIÑAS;1170.60;30.90;150.00;Cillero;Cillero;'16E2;OTB_DEF_>=55_0_0;DESSUR24116;7;70;3.7;MIXED WHITE;2;16:20;20:00;3.67;43.87;43.80;-7.73;-7.58;163;153;27.8.c;158;Lophius piscatorius;34.968;34.968;0;17.000;0
DESSUR24072_5;2024;3;8;13;ESP000026144;VIRGEN TERCERA;969.70;31.30;149.50;A Coruña;A Coruña;'15E0;OTB_DEF_>=55_0_0;DESSUR24072;5;55;3.4;MIXED WHITE;3;0:15;4:23;4.13;43.58;43.48;-8.95;-9.18;351;373;27.8.c;362;Lophius piscatorius;44.000;44.000;0;4.000;0
DESSUR24072_7;2024;3;8;13;ESP000026144;VIRGEN TERCERA;969.70;31.30;149.50;A Coruña;A Coruña;'16E1;OTB_DEF_>=55_0_0;DESSUR24072;7;55;3.3;MIXED WHITE;3;7:36;11:40;4.07;43.50;43.65;-8.90;-8.72;174;190;27.8.c;182;Lophius piscatorius;2.400;2.400;0;0;0
DESSUR24072_8;2024;3;8;13;ESP000026144;VIRGEN TERCERA;969.70;31.30;149.50;A Coruña;A Coruña;'16E1;OTB_DEF_>=55_0_0;DESSUR24072;8;55;3.3;MIXED WHITE;3;12:15;16:35;4.33;43.65;43.83;-8.72;-8.42;188;201;27.8.c;195;Lophius piscatorius;33.582;11.000;22.582;6.000;12.000
DESSUR24093_4;2024;4;10;21;ESP000026144;VIRGEN TERCERA;969.70;31.30;149.50;A Coruña;A Coruña;'16E1;OTB_DEF_>=55_0_0;DESSUR24093;4;55;3.5;FLYING SQUIDS;4;20:34;0:45;4.18;43.57;43.67;-9.05;-8.82;380;375;27.8.c;378;Lophius piscatorius;0;0;0;0;0
DESSUR24093_5;2024;4;10;22;ESP000026144;VIRGEN TERCERA;969.70;31.30;149.50;A Coruña;A Coruña;'17E1;OTB_DEF_>=55_0_0;DESSUR24093;5;55;2.8;FLYING SQUIDS;4;5:36;9:10;3.57;44.07;44.08;-8.65;-8.40;250;245;27.8.c;248;Lophius piscatorius;964;964;0;1.000;0
DESSUR24094_1;2024;4;10;23;ESP000026144;VIRGEN TERCERA;969.70;31.30;149.50;A Coruña;A Coruña;'16E0;OTB_DEF_>=55_0_0;DESSUR24094;1;55;2.8;FLYING SQUIDS;4;5:21;9:29;4.13;43.67;43.57;-8.87;-9.05;380;393;27.8.c;387;Lophius piscatorius;0;0;0;0;0
DESSUR24094_4;2024;4;10;23;ESP000026144;VIRGEN TERCERA;969.70;31.30;149.50;A Coruña;A Coruña;'16E1;OTB_DEF_>=55_0_0;DESSUR24094;4;55;3.2;FLYING SQUIDS;4;18:38;23:28;4.83;43.58;43.73;-8.95;-8.75;400;395;27.8.c;398;Lophius piscatorius;0;0;0;0;0
DESSUR24118_1;2024;4;12;16;ESP000026144;VIRGEN TERCERA;969.70;31.30;149.50;A Coruña;A Coruña;'17E1;OTB_DEF_>=55_0_0;DESSUR24118;1;70;3.3;MIXED WHITE;4;5:30;9:30;4.00;43.88;44.03;-8.43;-8.15;202;208;27.8.c;205;Lophius piscatorius;13.424;13.424;0;7.000;0
DESSUR24118_2;2024;4;12;16;ESP000026144;VIRGEN TERCERA;969.70;31.30;149.50;A Coruña;A Coruña;'17E2;OTB_DEF_>=55_0_0;DESSUR24118;2;70;3.1;MIXED WHITE;4;10:00;15:30;5.50;44.03;44.07;-8.15;-7.80;207;200;27.8.c;204;Lophius piscatorius;8.994;8.994;0;5.000;0
DESSUR24118_3;2024;4;12;16;ESP000026144;VIRGEN TERCERA;969.70;31.30;149.50;A Coruña;A Coruña;'17E1;OTB_DEF_>=55_0_0;DESSUR24118;3;70;3.1;MIXED WHITE;4;16:15;21:30;5.25;44.07;44.07;-7.80;-8.22;200;176;27.8.c;188;Lophius piscatorius;11.833;11.833;0;10.000;0
DESSUR24003_1;2024;1;1;15;ESP000026677;SEGUNDA DEL MAR;699.80;28.00;149.00;Muros;A Coruña;'16E1;OTB_DEF_>=55_0_0;DESSUR24003;1;70;3.6;MIXED WHITE;3;3:25;7:35;4.17;43.75;43.97;-8.53;-8.28;199;214;27.8.c;207;Lophius piscatorius;3.282;3.282;0;2.000;0
DESSUR24003_2;2024;1;1;15;ESP000026677;SEGUNDA DEL MAR;699.80;28.00;149.00;Muros;A Coruña;'17E2;OTB_DEF_>=55_0_0;DESSUR24003;2;70;3.2;MIXED WHITE;3;8:30;12:48;4.30;43.93;44.02;-8.28;-7.95;214;212;27.8.c;213;Lophius piscatorius;51.000;51.000;0;33.000;0
DESSUR24003_3;2024;1;1;15;ESP000026677;SEGUNDA DEL MAR;699.80;28.00;149.00;Muros;A Coruña;'16E1;OTB_DEF_>=55_0_0;DESSUR24003;3;70;3.4;MIXED WHITE;3;13:42;17:54;4.20;44.02;43.95;-7.93;-8.27;212;210;27.8.c;211;Lophius piscatorius;12.000;12.000;0;9.000;0
DESSUR24004_1;2024;1;1;16;ESP000026677;SEGUNDA DEL MAR;699.80;28.00;149.00;Muros;A Coruña;'16E1;OTB_DEF_>=55_0_0;DESSUR24004;1;70;3.4;MIXED WHITE;3;6:52;11:30;4.63;43.85;43.98;-8.38;-8.08;206;210;27.8.c;208;Lophius piscatorius;6.100;6.100;0;5.000;0
DESSUR24004_3;2024;1;1;16;ESP000026677;SEGUNDA DEL MAR;699.80;28.00;149.00;Muros;A Coruña;'16E1;OTB_DEF_>=55_0_0;DESSUR24004;3;70;3.4;MIXED WHITE;3;18:00;22:00;4.00;43.88;43.73;-8.32;-8.52;209;192;27.8.c;201;Lophius piscatorius;9.800;9.800;0;10.000;0
DESSUR24045_1;2024;2;6;3;ESP000026677;SEGUNDA DEL MAR;699.80;28.00;149.00;Muros;Muros;'14E0;OTB_DEF_>=55_0_0;DESSUR24045;1;70;3.4;MIXED WHITE;4;2:00;6:06;4.10;42.77;42.57;-9.52;-9.38;159;160;27.9.a;160;Lophius piscatorius;0;0;0;0;0
DESSUR24045_2;2024;2;6;3;ESP000026677;SEGUNDA DEL MAR;699.80;28.00;149.00;Muros;Muros;'13E0;OTB_DEF_>=55_0_0;DESSUR24045;2;70;3.3;MIXED WHITE;4;7:01;10:07;3.10;42.55;42.38;-9.35;-9.25;148;173;27.9.a;161;Lophius piscatorius;3.799;3.799;0;1.000;0
DESSUR24045_3;2024;2;6;3;ESP000026677;SEGUNDA DEL MAR;699.80;28.00;149.00;Muros;Muros;'14E0;OTB_DEF_>=55_0_0;DESSUR24045;3;70;3.2;MIXED WHITE;4;11:11;14:25;3.23;42.75;42.60;-9.22;-9.37;150;133;27.9.a;142;Lophius piscatorius;16.000;16.000;0;31.000;0
DESSUR24045_4;2024;2;6;3;ESP000026677;SEGUNDA DEL MAR;699.80;28.00;149.00;Muros;Muros;'14E0;OTB_DEF_>=55_0_0;DESSUR24045;4;70;3.3;MIXED WHITE;4;15:45;19:10;3.42;42.62;42.78;-9.37;-9.50;143;174;27.9.a;159;Lophius piscatorius;0;0;0;0;0
DESSUR24046_1;2024;2;6;4;ESP000026677;SEGUNDA DEL MAR;699.80;28.00;149.00;Muros;Muros;'15E0;OTB_DEF_>=55_0_0;DESSUR24046;1;70;3.3;MIXED WHITE;1;3:06;7:00;3.90;43.03;43.23;-9.50;-9.42;170;178;27.8.c;174;Lophius piscatorius;0;0;0;0;0
DESSUR24046_3;2024;2;6;4;ESP000026677;SEGUNDA DEL MAR;699.80;28.00;149.00;Muros;Muros;'15E1;OTB_DEF_>=55_0_0;DESSUR24046;3;70;3.8;MIXED WHITE;1;12:44;16:30;3.77;43.38;43.48;-9.08;-8.80;153;156;27.8.c;155;Lophius piscatorius;4.000;4.000;0;0;0
DESSUR24046_4;2024;2;6;4;ESP000026677;SEGUNDA DEL MAR;699.80;28.00;149.00;Muros;Muros;'16E1;OTB_DEF_>=55_0_0;DESSUR24046;4;70;3.7;MIXED WHITE;1;17:30;21:20;3.83;43.50;43.62;-8.78;-8.52;152;156;27.8.c;154;Lophius piscatorius;9.000;9.000;0;16.000;0
DESSUR24078_1;2024;3;9;2;ESP000026677;SEGUNDA DEL MAR;699.80;28.00;149.00;Muros;A Coruña;'15E1;OTB_DEF_>=55_0_0;DESSUR24078;1;;3.3;MIXED WHITE;1;1:20;5:30;4.17;43.63;43.45;-8.63;-8.90;175;156;27.8.c;166;Lophius piscatorius;5.413;5.413;0;3.000;0
DESSUR24078_2;2024;3;9;2;ESP000026677;SEGUNDA DEL MAR;699.80;28.00;149.00;Muros;A Coruña;'15E0;OTB_DEF_>=55_0_0;DESSUR24078;2;;3.3;MIXED WHITE;1;6:00;10:05;4.08;43.45;43.35;-8.88;-9.18;150;176;27.8.c;163;Lophius piscatorius;13.692;13.692;0;32.000;0
DESSUR24078_3;2024;3;9;2;ESP000026677;SEGUNDA DEL MAR;699.80;28.00;149.00;Muros;A Coruña;'15E1;OTB_DEF_>=55_0_0;DESSUR24078;3;;3.3;MIXED WHITE;1;11:00;15:00;4.00;43.38;43.50;-9.17;-8.90;170;168;27.8.c;169;Lophius piscatorius;8.027;8.027;0;4.000;0
DESSUR24079_1;2024;3;9;3;ESP000026677;SEGUNDA DEL MAR;699.80;28.00;149.00;Muros;A Coruña;'15E0;OTB_DEF_>=55_0_0;DESSUR24079;1;;3.3;MIXED WHITE;1;2:10;6:00;3.83;43.47;43.38;-8.87;-9.15;164;161;27.8.c;163;Lophius piscatorius;9.811;9.811;0;4.000;0
DESSUR24079_3;2024;3;9;3;ESP000026677;SEGUNDA DEL MAR;699.80;28.00;149.00;Muros;A Coruña;'15E0;OTB_DEF_>=55_0_0;DESSUR24079;3;;3.3;MIXED WHITE;1;13:00;16:00;3.00;43.50;43.37;-8.90;-9.18;166;174;27.8.c;170;Lophius piscatorius;0;0;0;0;0